titulo;descripcion;tipo;fecha;horaInicial;horaFinal;tiempoRealizacion;isTiempoReal;autor
grgdfgdf;fgedrs;sdfwe;sdfgdgf;sedf;gdftre;120;True;sdsfdxasdf
grgdfgdf;fgedrs;sdfwe;sdfgdgf;sedf;gdftre;120;True;sdsfdxasdf
grgdfgdf;fgedrs;sdfwe;sdfgdgf;sedf;gdftre;120;True;sdsfdxasdf
grgdfgdf;fgedrs;sdfwe;sdfgdgf;sedf;gdftre;120;True;sdsfdxasdf
grgdfgdf;fgedrs;sdfwe;sdfgdgf;sedf;gdftre;120;True;sdsfdxasdf
grgdfgdf;fgedrs;sdfwe;sdfgdgf;sedf;gdftre;120;True;sdsfdxasdf
grgdfgdf;fgedrs;sdfwe;sdfgdgf;sedf;gdftre;120;True;sdsfdxasdf
grgdfgdf;fgedrs;sdfwe;sdfgdgf;sedf;gdftre;120;True;sdsfdxasdf
grgdfgdf;fgedrs;sdfwe;sdfgdgf;sedf;gdftre;120;True;sdsfdxasdf
grgdfgdf;fgedrs;sdfwe;sdfgdgf;sedf;gdftre;120;True;sdsfdxasdf
grgdfgdf;fgedrs;sdfwe;sdfgdgf;sedf;gdftre;120;True;sdsfdxasdf
grgdfgdf;fgedrs;sdfwe;sdfgdgf;sedf;gdftre;120;True;sdsfdxasdf
grgdfgdf;fgedrs;sdfwe;sdfgdgf;sedf;gdftre;120;True;sdsfdxasdf
grgdfgdf;fgedrs;sdfwe;sdfgdgf;sedf;gdftre;120;True;sdsfdxasdf
grgdfgdf;fgedrs;sdfwe;sdfgdgf;sedf;gdftre;120;True;sdsfdxasdf
grgdfgdf;fgedrs;sdfwe;sdfgdgf;sedf;gdftre;120;True;sdsfdxasdf
grgdfgdf;fgedrs;sdfwe;sdfgdgf;sedf;gdftre;120;True;sdsfdxasdf
grgdfgdf;fgedrs;sdfwe;sdfgdgf;sedf;gdftre;120;True;sdsfdxasdf
grgdfgdf;fgedrs;sdfwe;sdfgdgf;sedf;gdftre;120;True;sdsfdxasdf
grgdfgdf;fgedrs;sdfwe;sdfgdgf;sedf;gdftre;120;True;sdsfdxasdf
grgdfgdf;fgedrs;sdfwe;sdfgdgf;sedf;gdftre;120;True;sdsfdxasdf
grgdfgdf;fgedrs;sdfwe;sdfgdgf;sedf;gdftre;120;True;sdsfdxasdf
grgdfgdf;fgedrs;sdfwe;sdfgdgf;sedf;gdftre;120;True;sdsfdxasdf
grgdfgdf;fgedrs;sdfwe;sdfgdgf;sedf;gdftre;120;True;sdsfdxasdf
grgdfgdf;fgedrs;sdfwe;sdfgdgf;sedf;gdftre;120;True;sdsfdxasdf
grgdfgdf;fgedrs;sdfwe;sdfgdgf;sedf;gdftre;120;True;sdsfdxasdf
grgdfgdf;fgedrs;sdfwe;sdfgdgf;sedf;gdftre;120;True;sdsfdxasdf
grgdfgdf;fgedrs;sdfwe;sdfgdgf;sedf;gdftre;120;True;sdsfdxasdf
grgdfgdf;fgedrs;sdfwe;sdfgdgf;sedf;gdftre;120;True;sdsfdxasdf
grgdfgdf;fgedrs;sdfwe;sdfgdgf;sedf;gdftre;120;True;sdsfdxasdf
grgdfgdf;fgedrs;sdfwe;sdfgdgf;sedf;gdftre;120;True;sdsfdxasdf
grgdfgdf;fgedrs;sdfwe;sdfgdgf;sedf;gdftre;120;True;sdsfdxasdf
grgdfgdf;fgedrs;sdfwe;sdfgdgf;sedf;gdftre;120;True;sdsfdxasdf
grgdfgdf;fgedrs;sdfwe;sdfgdgf;sedf;gdftre;120;True;sdsfdxasdf
grgdfgdf;fgedrs;sdfwe;sdfgdgf;sedf;gdftre;120;True;sdsfdxasdf
grgdfgdf;fgedrs;sdfwe;sdfgdgf;sedf;gdftre;120;True;sdsfdxasdf
grgdfgdf;fgedrs;sdfwe;sdfgdgf;sedf;gdftre;120;True;sdsfdxasdf
grgdfgdf;fgedrs;sdfwe;sdfgdgf;sedf;gdftre;120;True;sdsfdxasdf
grgdfgdf;fgedrs;sdfwe;sdfgdgf;sedf;gdftre;120;True;sdsfdxasdf
grgdfgdf;fgedrs;sdfwe;sdfgdgf;sedf;gdftre;120;True;sdsfdxasdf
